{
  "InCBLinker": {
    "single_chars": [
      2381,
      2509,
      2765,
      2893,
      3149,
      3405
    ],
    "ranges": []
  },
  "InCBConsonant": {
    "single_chars": [
      2482,
      2527,
      2809,
      2911,
      2929
    ],
    "ranges": [
      [
        2325,
        2361
      ],
      [
        2392,
        2399
      ],
      [
        2424,
        2431
      ],
      [
        2453,
        2472
      ],
      [
        2474,
        2480
      ],
      [
        2486,
        2489
      ],
      [
        2524,
        2525
      ],
      [
        2544,
        2545
      ],
      [
        2709,
        2728
      ],
      [
        2730,
        2736
      ],
      [
        2738,
        2739
      ],
      [
        2741,
        2745
      ],
      [
        2837,
        2856
      ],
      [
        2858,
        2864
      ],
      [
        2866,
        2867
      ],
      [
        2869,
        2873
      ],
      [
        2908,
        2909
      ],
      [
        3093,
        3112
      ],
      [
        3114,
        3129
      ],
      [
        3160,
        3162
      ],
      [
        3349,
        3386
      ]
    ]
  },
  "InCBExtend": {
    "single_chars": [
      1471,
      1479,
      1648,
      1809,
      2045,
      2362,
      2364,
      2433,
      2492,
      2494,
      2519,
      2558,
      2620,
      2641,
      2677,
      2748,
      2817,
      2876,
      2878,
      2879,
      2903,
      2946,
      3006,
      3008,
      3021,
      3031,
      3072,
      3076,
      3132,
      3201,
      3260,
      3263,
      3264,
      3266,
      3270,
      3390,
      3415,
      3457,
      3530,
      3535,
      3542,
      3551,
      3633,
      3761,
      3893,
      3895,
      3897,
      4038,
      4226,
      4237,
      4253,
      5909,
      5940,
      6086,
      6109,
      6159,
      6313,
      6450,
      6683,
      6742,
      6752,
      6754,
      6783,
      6846,
      6964,
      6965,
      6971,
      6972,
      6973,
      6978,
      7082,
      7142,
      7149,
      7405,
      7412,
      8205,
      8417,
      11647,
      42607,
      43010,
      43014,
      43019,
      43052,
      43263,
      43347,
      43443,
      43456,
      43493,
      43587,
      43596,
      43644,
      43696,
      43713,
      43766,
      44005,
      44008,
      44013,
      64286,
      66045,
      66272,
      68159,
      69633,
      69744,
      69826,
      70003,
      70080,
      70095,
      70196,
      70197,
      70206,
      70209,
      70367,
      70462,
      70464,
      70477,
      70487,
      70584,
      70594,
      70597,
      70606,
      70607,
      70608,
      70610,
      70726,
      70750,
      70832,
      70842,
      70845,
      71087,
      71229,
      71339,
      71341,
      71350,
      71351,
      71453,
      71455,
      71984,
      71997,
      71998,
      72003,
      72160,
      72263,
      72767,
      73018,
      73031,
      73109,
      73111,
      73536,
      73537,
      73538,
      73562,
      78912,
      94031,
      94180,
      121461,
      121476,
      123023,
      123566
    ],
    "ranges": [
      [
        768,
        879
      ],
      [
        1155,
        1159
      ],
      [
        1160,
        1161
      ],
      [
        1425,
        1469
      ],
      [
        1473,
        1474
      ],
      [
        1476,
        1477
      ],
      [
        1552,
        1562
      ],
      [
        1611,
        1631
      ],
      [
        1750,
        1756
      ],
      [
        1759,
        1764
      ],
      [
        1767,
        1768
      ],
      [
        1770,
        1773
      ],
      [
        1840,
        1866
      ],
      [
        1958,
        1968
      ],
      [
        2027,
        2035
      ],
      [
        2070,
        2073
      ],
      [
        2075,
        2083
      ],
      [
        2085,
        2087
      ],
      [
        2089,
        2093
      ],
      [
        2137,
        2139
      ],
      [
        2199,
        2207
      ],
      [
        2250,
        2273
      ],
      [
        2275,
        2306
      ],
      [
        2369,
        2376
      ],
      [
        2385,
        2391
      ],
      [
        2402,
        2403
      ],
      [
        2497,
        2500
      ],
      [
        2530,
        2531
      ],
      [
        2561,
        2562
      ],
      [
        2625,
        2626
      ],
      [
        2631,
        2632
      ],
      [
        2635,
        2637
      ],
      [
        2672,
        2673
      ],
      [
        2689,
        2690
      ],
      [
        2753,
        2757
      ],
      [
        2759,
        2760
      ],
      [
        2786,
        2787
      ],
      [
        2810,
        2815
      ],
      [
        2881,
        2884
      ],
      [
        2901,
        2902
      ],
      [
        2914,
        2915
      ],
      [
        3134,
        3136
      ],
      [
        3142,
        3144
      ],
      [
        3146,
        3148
      ],
      [
        3157,
        3158
      ],
      [
        3170,
        3171
      ],
      [
        3271,
        3272
      ],
      [
        3274,
        3275
      ],
      [
        3276,
        3277
      ],
      [
        3285,
        3286
      ],
      [
        3298,
        3299
      ],
      [
        3328,
        3329
      ],
      [
        3387,
        3388
      ],
      [
        3393,
        3396
      ],
      [
        3426,
        3427
      ],
      [
        3538,
        3540
      ],
      [
        3636,
        3642
      ],
      [
        3655,
        3662
      ],
      [
        3764,
        3772
      ],
      [
        3784,
        3790
      ],
      [
        3864,
        3865
      ],
      [
        3953,
        3966
      ],
      [
        3968,
        3972
      ],
      [
        3974,
        3975
      ],
      [
        3981,
        3991
      ],
      [
        3993,
        4028
      ],
      [
        4141,
        4144
      ],
      [
        4146,
        4151
      ],
      [
        4153,
        4154
      ],
      [
        4157,
        4158
      ],
      [
        4184,
        4185
      ],
      [
        4190,
        4192
      ],
      [
        4209,
        4212
      ],
      [
        4229,
        4230
      ],
      [
        4957,
        4959
      ],
      [
        5906,
        5908
      ],
      [
        5938,
        5939
      ],
      [
        5970,
        5971
      ],
      [
        6002,
        6003
      ],
      [
        6068,
        6069
      ],
      [
        6071,
        6077
      ],
      [
        6089,
        6099
      ],
      [
        6155,
        6157
      ],
      [
        6277,
        6278
      ],
      [
        6432,
        6434
      ],
      [
        6439,
        6440
      ],
      [
        6457,
        6459
      ],
      [
        6679,
        6680
      ],
      [
        6744,
        6750
      ],
      [
        6757,
        6764
      ],
      [
        6771,
        6780
      ],
      [
        6832,
        6845
      ],
      [
        6847,
        6862
      ],
      [
        6912,
        6915
      ],
      [
        6966,
        6970
      ],
      [
        6979,
        6980
      ],
      [
        7019,
        7027
      ],
      [
        7040,
        7041
      ],
      [
        7074,
        7077
      ],
      [
        7080,
        7081
      ],
      [
        7083,
        7085
      ],
      [
        7144,
        7145
      ],
      [
        7151,
        7153
      ],
      [
        7154,
        7155
      ],
      [
        7212,
        7219
      ],
      [
        7222,
        7223
      ],
      [
        7376,
        7378
      ],
      [
        7380,
        7392
      ],
      [
        7394,
        7400
      ],
      [
        7416,
        7417
      ],
      [
        7616,
        7679
      ],
      [
        8400,
        8412
      ],
      [
        8413,
        8416
      ],
      [
        8418,
        8420
      ],
      [
        8421,
        8432
      ],
      [
        11503,
        11505
      ],
      [
        11744,
        11775
      ],
      [
        12330,
        12333
      ],
      [
        12334,
        12335
      ],
      [
        12441,
        12442
      ],
      [
        42608,
        42610
      ],
      [
        42612,
        42621
      ],
      [
        42654,
        42655
      ],
      [
        42736,
        42737
      ],
      [
        43045,
        43046
      ],
      [
        43204,
        43205
      ],
      [
        43232,
        43249
      ],
      [
        43302,
        43309
      ],
      [
        43335,
        43345
      ],
      [
        43392,
        43394
      ],
      [
        43446,
        43449
      ],
      [
        43452,
        43453
      ],
      [
        43561,
        43566
      ],
      [
        43569,
        43570
      ],
      [
        43573,
        43574
      ],
      [
        43698,
        43700
      ],
      [
        43703,
        43704
      ],
      [
        43710,
        43711
      ],
      [
        43756,
        43757
      ],
      [
        65024,
        65039
      ],
      [
        65056,
        65071
      ],
      [
        65438,
        65439
      ],
      [
        66422,
        66426
      ],
      [
        68097,
        68099
      ],
      [
        68101,
        68102
      ],
      [
        68108,
        68111
      ],
      [
        68152,
        68154
      ],
      [
        68325,
        68326
      ],
      [
        68900,
        68903
      ],
      [
        68969,
        68973
      ],
      [
        69291,
        69292
      ],
      [
        69372,
        69375
      ],
      [
        69446,
        69456
      ],
      [
        69506,
        69509
      ],
      [
        69688,
        69702
      ],
      [
        69747,
        69748
      ],
      [
        69759,
        69761
      ],
      [
        69811,
        69814
      ],
      [
        69817,
        69818
      ],
      [
        69888,
        69890
      ],
      [
        69927,
        69931
      ],
      [
        69933,
        69940
      ],
      [
        70016,
        70017
      ],
      [
        70070,
        70078
      ],
      [
        70089,
        70092
      ],
      [
        70191,
        70193
      ],
      [
        70198,
        70199
      ],
      [
        70371,
        70378
      ],
      [
        70400,
        70401
      ],
      [
        70459,
        70460
      ],
      [
        70502,
        70508
      ],
      [
        70512,
        70516
      ],
      [
        70587,
        70592
      ],
      [
        70599,
        70601
      ],
      [
        70625,
        70626
      ],
      [
        70712,
        70719
      ],
      [
        70722,
        70724
      ],
      [
        70835,
        70840
      ],
      [
        70847,
        70848
      ],
      [
        70850,
        70851
      ],
      [
        71090,
        71093
      ],
      [
        71100,
        71101
      ],
      [
        71103,
        71104
      ],
      [
        71132,
        71133
      ],
      [
        71219,
        71226
      ],
      [
        71231,
        71232
      ],
      [
        71344,
        71349
      ],
      [
        71458,
        71461
      ],
      [
        71463,
        71467
      ],
      [
        71727,
        71735
      ],
      [
        71737,
        71738
      ],
      [
        71995,
        71996
      ],
      [
        72148,
        72151
      ],
      [
        72154,
        72155
      ],
      [
        72193,
        72202
      ],
      [
        72243,
        72248
      ],
      [
        72251,
        72254
      ],
      [
        72273,
        72278
      ],
      [
        72281,
        72283
      ],
      [
        72330,
        72342
      ],
      [
        72344,
        72345
      ],
      [
        72752,
        72758
      ],
      [
        72760,
        72765
      ],
      [
        72850,
        72871
      ],
      [
        72874,
        72880
      ],
      [
        72882,
        72883
      ],
      [
        72885,
        72886
      ],
      [
        73009,
        73014
      ],
      [
        73020,
        73021
      ],
      [
        73023,
        73029
      ],
      [
        73104,
        73105
      ],
      [
        73459,
        73460
      ],
      [
        73472,
        73473
      ],
      [
        73526,
        73530
      ],
      [
        78919,
        78933
      ],
      [
        90398,
        90409
      ],
      [
        90413,
        90415
      ],
      [
        92912,
        92916
      ],
      [
        92976,
        92982
      ],
      [
        94095,
        94098
      ],
      [
        94192,
        94193
      ],
      [
        113821,
        113822
      ],
      [
        118528,
        118573
      ],
      [
        118576,
        118598
      ],
      [
        119141,
        119142
      ],
      [
        119143,
        119145
      ],
      [
        119149,
        119154
      ],
      [
        119163,
        119170
      ],
      [
        119173,
        119179
      ],
      [
        119210,
        119213
      ],
      [
        119362,
        119364
      ],
      [
        121344,
        121398
      ],
      [
        121403,
        121452
      ],
      [
        121499,
        121503
      ],
      [
        121505,
        121519
      ],
      [
        122880,
        122886
      ],
      [
        122888,
        122904
      ],
      [
        122907,
        122913
      ],
      [
        122915,
        122916
      ],
      [
        122918,
        122922
      ],
      [
        123184,
        123190
      ],
      [
        123628,
        123631
      ],
      [
        124140,
        124143
      ],
      [
        124398,
        124399
      ],
      [
        125136,
        125142
      ],
      [
        125252,
        125258
      ],
      [
        127995,
        127999
      ],
      [
        917536,
        917631
      ],
      [
        917760,
        917999
      ]
    ]
  }
}