{
  "Prepend": {
    "single_chars": [
      1757,
      1807,
      2274,
      3406,
      69821,
      69837,
      70609,
      71999,
      72001,
      72250,
      73030,
      73474
    ],
    "ranges": [
      [
        1536,
        1541
      ],
      [
        2192,
        2193
      ],
      [
        70082,
        70083
      ],
      [
        72324,
        72329
      ]
    ]
  },
  "CR": {
    "single_chars": [
      13
    ],
    "ranges": []
  },
  "LF": {
    "single_chars": [
      10
    ],
    "ranges": []
  },
  "Control": {
    "single_chars": [
      173,
      1564,
      6158,
      8203,
      65279
    ],
    "ranges": [
      [
        0,
        9
      ],
      [
        11,
        12
      ],
      [
        14,
        31
      ],
      [
        127,
        159
      ],
      [
        8206,
        8207
      ],
      [
        8232,
        8238
      ],
      [
        8288,
        8303
      ],
      [
        65520,
        65531
      ],
      [
        78896,
        78911
      ],
      [
        113824,
        113827
      ],
      [
        119155,
        119162
      ],
      [
        917504,
        917535
      ],
      [
        917632,
        917759
      ],
      [
        918000,
        921599
      ]
    ]
  },
  "Extend": {
    "single_chars": [
      1471,
      1479,
      1648,
      1809,
      2045,
      2362,
      2364,
      2381,
      2433,
      2492,
      2494,
      2509,
      2519,
      2558,
      2620,
      2641,
      2677,
      2748,
      2765,
      2817,
      2876,
      2878,
      2879,
      2893,
      2946,
      3006,
      3008,
      3021,
      3031,
      3072,
      3076,
      3132,
      3201,
      3260,
      3263,
      3264,
      3266,
      3390,
      3405,
      3415,
      3457,
      3530,
      3535,
      3542,
      3551,
      3633,
      3761,
      3893,
      3895,
      3897,
      4038,
      4226,
      4237,
      4253,
      6086,
      6109,
      6159,
      6313,
      6450,
      6683,
      6742,
      6752,
      6754,
      6783,
      7142,
      7149,
      7405,
      7412,
      8204,
      11647,
      43010,
      43014,
      43019,
      43052,
      43263,
      43347,
      43443,
      43456,
      43493,
      43587,
      43596,
      43644,
      43696,
      43713,
      43766,
      44005,
      44008,
      44013,
      64286,
      66045,
      66272,
      68159,
      69633,
      69744,
      69826,
      70003,
      70080,
      70095,
      70206,
      70209,
      70367,
      70462,
      70464,
      70477,
      70487,
      70584,
      70594,
      70597,
      70606,
      70607,
      70608,
      70610,
      70726,
      70750,
      70832,
      70842,
      70845,
      71087,
      71229,
      71339,
      71341,
      71453,
      71455,
      71984,
      72003,
      72160,
      72263,
      72767,
      73018,
      73031,
      73109,
      73111,
      73536,
      73537,
      73538,
      73562,
      78912,
      94031,
      94180,
      121461,
      121476,
      123023,
      123566
    ],
    "ranges": [
      [
        768,
        879
      ],
      [
        1155,
        1161
      ],
      [
        1425,
        1469
      ],
      [
        1473,
        1474
      ],
      [
        1476,
        1477
      ],
      [
        1552,
        1562
      ],
      [
        1611,
        1631
      ],
      [
        1750,
        1756
      ],
      [
        1759,
        1764
      ],
      [
        1767,
        1768
      ],
      [
        1770,
        1773
      ],
      [
        1840,
        1866
      ],
      [
        1958,
        1968
      ],
      [
        2027,
        2035
      ],
      [
        2070,
        2073
      ],
      [
        2075,
        2083
      ],
      [
        2085,
        2087
      ],
      [
        2089,
        2093
      ],
      [
        2137,
        2139
      ],
      [
        2199,
        2207
      ],
      [
        2250,
        2273
      ],
      [
        2275,
        2306
      ],
      [
        2369,
        2376
      ],
      [
        2385,
        2391
      ],
      [
        2402,
        2403
      ],
      [
        2497,
        2500
      ],
      [
        2530,
        2531
      ],
      [
        2561,
        2562
      ],
      [
        2625,
        2626
      ],
      [
        2631,
        2632
      ],
      [
        2635,
        2637
      ],
      [
        2672,
        2673
      ],
      [
        2689,
        2690
      ],
      [
        2753,
        2757
      ],
      [
        2759,
        2760
      ],
      [
        2786,
        2787
      ],
      [
        2810,
        2815
      ],
      [
        2881,
        2884
      ],
      [
        2901,
        2903
      ],
      [
        2914,
        2915
      ],
      [
        3134,
        3136
      ],
      [
        3142,
        3144
      ],
      [
        3146,
        3149
      ],
      [
        3157,
        3158
      ],
      [
        3170,
        3171
      ],
      [
        3270,
        3272
      ],
      [
        3274,
        3277
      ],
      [
        3285,
        3286
      ],
      [
        3298,
        3299
      ],
      [
        3328,
        3329
      ],
      [
        3387,
        3388
      ],
      [
        3393,
        3396
      ],
      [
        3426,
        3427
      ],
      [
        3538,
        3540
      ],
      [
        3636,
        3642
      ],
      [
        3655,
        3662
      ],
      [
        3764,
        3772
      ],
      [
        3784,
        3790
      ],
      [
        3864,
        3865
      ],
      [
        3953,
        3966
      ],
      [
        3968,
        3972
      ],
      [
        3974,
        3975
      ],
      [
        3981,
        3991
      ],
      [
        3993,
        4028
      ],
      [
        4141,
        4144
      ],
      [
        4146,
        4151
      ],
      [
        4153,
        4154
      ],
      [
        4157,
        4158
      ],
      [
        4184,
        4185
      ],
      [
        4190,
        4192
      ],
      [
        4209,
        4212
      ],
      [
        4229,
        4230
      ],
      [
        4957,
        4959
      ],
      [
        5906,
        5909
      ],
      [
        5938,
        5940
      ],
      [
        5970,
        5971
      ],
      [
        6002,
        6003
      ],
      [
        6068,
        6069
      ],
      [
        6071,
        6077
      ],
      [
        6089,
        6099
      ],
      [
        6155,
        6157
      ],
      [
        6277,
        6278
      ],
      [
        6432,
        6434
      ],
      [
        6439,
        6440
      ],
      [
        6457,
        6459
      ],
      [
        6679,
        6680
      ],
      [
        6744,
        6750
      ],
      [
        6757,
        6764
      ],
      [
        6771,
        6780
      ],
      [
        6832,
        6862
      ],
      [
        6912,
        6915
      ],
      [
        6964,
        6973
      ],
      [
        6978,
        6980
      ],
      [
        7019,
        7027
      ],
      [
        7040,
        7041
      ],
      [
        7074,
        7077
      ],
      [
        7080,
        7085
      ],
      [
        7144,
        7145
      ],
      [
        7151,
        7155
      ],
      [
        7212,
        7219
      ],
      [
        7222,
        7223
      ],
      [
        7376,
        7378
      ],
      [
        7380,
        7392
      ],
      [
        7394,
        7400
      ],
      [
        7416,
        7417
      ],
      [
        7616,
        7679
      ],
      [
        8400,
        8432
      ],
      [
        11503,
        11505
      ],
      [
        11744,
        11775
      ],
      [
        12330,
        12335
      ],
      [
        12441,
        12442
      ],
      [
        42607,
        42610
      ],
      [
        42612,
        42621
      ],
      [
        42654,
        42655
      ],
      [
        42736,
        42737
      ],
      [
        43045,
        43046
      ],
      [
        43204,
        43205
      ],
      [
        43232,
        43249
      ],
      [
        43302,
        43309
      ],
      [
        43335,
        43345
      ],
      [
        43392,
        43394
      ],
      [
        43446,
        43449
      ],
      [
        43452,
        43453
      ],
      [
        43561,
        43566
      ],
      [
        43569,
        43570
      ],
      [
        43573,
        43574
      ],
      [
        43698,
        43700
      ],
      [
        43703,
        43704
      ],
      [
        43710,
        43711
      ],
      [
        43756,
        43757
      ],
      [
        65024,
        65039
      ],
      [
        65056,
        65071
      ],
      [
        65438,
        65439
      ],
      [
        66422,
        66426
      ],
      [
        68097,
        68099
      ],
      [
        68101,
        68102
      ],
      [
        68108,
        68111
      ],
      [
        68152,
        68154
      ],
      [
        68325,
        68326
      ],
      [
        68900,
        68903
      ],
      [
        68969,
        68973
      ],
      [
        69291,
        69292
      ],
      [
        69372,
        69375
      ],
      [
        69446,
        69456
      ],
      [
        69506,
        69509
      ],
      [
        69688,
        69702
      ],
      [
        69747,
        69748
      ],
      [
        69759,
        69761
      ],
      [
        69811,
        69814
      ],
      [
        69817,
        69818
      ],
      [
        69888,
        69890
      ],
      [
        69927,
        69931
      ],
      [
        69933,
        69940
      ],
      [
        70016,
        70017
      ],
      [
        70070,
        70078
      ],
      [
        70089,
        70092
      ],
      [
        70191,
        70193
      ],
      [
        70196,
        70199
      ],
      [
        70371,
        70378
      ],
      [
        70400,
        70401
      ],
      [
        70459,
        70460
      ],
      [
        70502,
        70508
      ],
      [
        70512,
        70516
      ],
      [
        70587,
        70592
      ],
      [
        70599,
        70601
      ],
      [
        70625,
        70626
      ],
      [
        70712,
        70719
      ],
      [
        70722,
        70724
      ],
      [
        70835,
        70840
      ],
      [
        70847,
        70848
      ],
      [
        70850,
        70851
      ],
      [
        71090,
        71093
      ],
      [
        71100,
        71101
      ],
      [
        71103,
        71104
      ],
      [
        71132,
        71133
      ],
      [
        71219,
        71226
      ],
      [
        71231,
        71232
      ],
      [
        71344,
        71351
      ],
      [
        71458,
        71461
      ],
      [
        71463,
        71467
      ],
      [
        71727,
        71735
      ],
      [
        71737,
        71738
      ],
      [
        71995,
        71998
      ],
      [
        72148,
        72151
      ],
      [
        72154,
        72155
      ],
      [
        72193,
        72202
      ],
      [
        72243,
        72248
      ],
      [
        72251,
        72254
      ],
      [
        72273,
        72278
      ],
      [
        72281,
        72283
      ],
      [
        72330,
        72342
      ],
      [
        72344,
        72345
      ],
      [
        72752,
        72758
      ],
      [
        72760,
        72765
      ],
      [
        72850,
        72871
      ],
      [
        72874,
        72880
      ],
      [
        72882,
        72883
      ],
      [
        72885,
        72886
      ],
      [
        73009,
        73014
      ],
      [
        73020,
        73021
      ],
      [
        73023,
        73029
      ],
      [
        73104,
        73105
      ],
      [
        73459,
        73460
      ],
      [
        73472,
        73473
      ],
      [
        73526,
        73530
      ],
      [
        78919,
        78933
      ],
      [
        90398,
        90409
      ],
      [
        90413,
        90415
      ],
      [
        92912,
        92916
      ],
      [
        92976,
        92982
      ],
      [
        94095,
        94098
      ],
      [
        94192,
        94193
      ],
      [
        113821,
        113822
      ],
      [
        118528,
        118573
      ],
      [
        118576,
        118598
      ],
      [
        119141,
        119145
      ],
      [
        119149,
        119154
      ],
      [
        119163,
        119170
      ],
      [
        119173,
        119179
      ],
      [
        119210,
        119213
      ],
      [
        119362,
        119364
      ],
      [
        121344,
        121398
      ],
      [
        121403,
        121452
      ],
      [
        121499,
        121503
      ],
      [
        121505,
        121519
      ],
      [
        122880,
        122886
      ],
      [
        122888,
        122904
      ],
      [
        122907,
        122913
      ],
      [
        122915,
        122916
      ],
      [
        122918,
        122922
      ],
      [
        123184,
        123190
      ],
      [
        123628,
        123631
      ],
      [
        124140,
        124143
      ],
      [
        124398,
        124399
      ],
      [
        125136,
        125142
      ],
      [
        125252,
        125258
      ],
      [
        127995,
        127999
      ],
      [
        917536,
        917631
      ],
      [
        917760,
        917999
      ]
    ]
  },
  "Regional_Indicator": {
    "single_chars": [],
    "ranges": [
      [
        127462,
        127487
      ]
    ]
  },
  "SpacingMark": {
    "single_chars": [
      2307,
      2363,
      2563,
      2691,
      2761,
      2880,
      3007,
      3262,
      3265,
      3315,
      3635,
      3763,
      3967,
      4145,
      4228,
      6070,
      6741,
      6743,
      6916,
      7042,
      7073,
      7143,
      7150,
      7393,
      7415,
      43047,
      43346,
      43395,
      43597,
      43755,
      43765,
      44012,
      69632,
      69634,
      69762,
      69932,
      70018,
      70079,
      70094,
      70463,
      70602,
      70725,
      70841,
      70846,
      70849,
      71102,
      71230,
      71340,
      71454,
      71462,
      71736,
      72000,
      72002,
      72164,
      72249,
      72343,
      72751,
      72766,
      72873,
      72881,
      72884,
      73110,
      73475
    ],
    "ranges": [
      [
        2366,
        2368
      ],
      [
        2377,
        2380
      ],
      [
        2382,
        2383
      ],
      [
        2434,
        2435
      ],
      [
        2495,
        2496
      ],
      [
        2503,
        2504
      ],
      [
        2507,
        2508
      ],
      [
        2622,
        2624
      ],
      [
        2750,
        2752
      ],
      [
        2763,
        2764
      ],
      [
        2818,
        2819
      ],
      [
        2887,
        2888
      ],
      [
        2891,
        2892
      ],
      [
        3009,
        3010
      ],
      [
        3014,
        3016
      ],
      [
        3018,
        3020
      ],
      [
        3073,
        3075
      ],
      [
        3137,
        3140
      ],
      [
        3202,
        3203
      ],
      [
        3267,
        3268
      ],
      [
        3330,
        3331
      ],
      [
        3391,
        3392
      ],
      [
        3398,
        3400
      ],
      [
        3402,
        3404
      ],
      [
        3458,
        3459
      ],
      [
        3536,
        3537
      ],
      [
        3544,
        3550
      ],
      [
        3570,
        3571
      ],
      [
        3902,
        3903
      ],
      [
        4155,
        4156
      ],
      [
        4182,
        4183
      ],
      [
        6078,
        6085
      ],
      [
        6087,
        6088
      ],
      [
        6435,
        6438
      ],
      [
        6441,
        6443
      ],
      [
        6448,
        6449
      ],
      [
        6451,
        6456
      ],
      [
        6681,
        6682
      ],
      [
        6765,
        6770
      ],
      [
        6974,
        6977
      ],
      [
        7078,
        7079
      ],
      [
        7146,
        7148
      ],
      [
        7204,
        7211
      ],
      [
        7220,
        7221
      ],
      [
        43043,
        43044
      ],
      [
        43136,
        43137
      ],
      [
        43188,
        43203
      ],
      [
        43444,
        43445
      ],
      [
        43450,
        43451
      ],
      [
        43454,
        43455
      ],
      [
        43567,
        43568
      ],
      [
        43571,
        43572
      ],
      [
        43758,
        43759
      ],
      [
        44003,
        44004
      ],
      [
        44006,
        44007
      ],
      [
        44009,
        44010
      ],
      [
        69808,
        69810
      ],
      [
        69815,
        69816
      ],
      [
        69957,
        69958
      ],
      [
        70067,
        70069
      ],
      [
        70188,
        70190
      ],
      [
        70194,
        70195
      ],
      [
        70368,
        70370
      ],
      [
        70402,
        70403
      ],
      [
        70465,
        70468
      ],
      [
        70471,
        70472
      ],
      [
        70475,
        70476
      ],
      [
        70498,
        70499
      ],
      [
        70585,
        70586
      ],
      [
        70604,
        70605
      ],
      [
        70709,
        70711
      ],
      [
        70720,
        70721
      ],
      [
        70833,
        70834
      ],
      [
        70843,
        70844
      ],
      [
        71088,
        71089
      ],
      [
        71096,
        71099
      ],
      [
        71216,
        71218
      ],
      [
        71227,
        71228
      ],
      [
        71342,
        71343
      ],
      [
        71724,
        71726
      ],
      [
        71985,
        71989
      ],
      [
        71991,
        71992
      ],
      [
        72145,
        72147
      ],
      [
        72156,
        72159
      ],
      [
        72279,
        72280
      ],
      [
        73098,
        73102
      ],
      [
        73107,
        73108
      ],
      [
        73461,
        73462
      ],
      [
        73524,
        73525
      ],
      [
        73534,
        73535
      ],
      [
        90410,
        90412
      ],
      [
        94033,
        94087
      ]
    ]
  },
  "L": {
    "single_chars": [],
    "ranges": [
      [
        4352,
        4447
      ],
      [
        43360,
        43388
      ]
    ]
  },
  "V": {
    "single_chars": [
      93539
    ],
    "ranges": [
      [
        4448,
        4519
      ],
      [
        55216,
        55238
      ],
      [
        93543,
        93546
      ]
    ]
  },
  "T": {
    "single_chars": [],
    "ranges": [
      [
        4520,
        4607
      ],
      [
        55243,
        55291
      ]
    ]
  },
  "LV": {
    "single_chars": [
      44032,
      44060,
      44088,
      44116,
      44144,
      44172,
      44200,
      44228,
      44256,
      44284,
      44312,
      44340,
      44368,
      44396,
      44424,
      44452,
      44480,
      44508,
      44536,
      44564,
      44592,
      44620,
      44648,
      44676,
      44704,
      44732,
      44760,
      44788,
      44816,
      44844,
      44872,
      44900,
      44928,
      44956,
      44984,
      45012,
      45040,
      45068,
      45096,
      45124,
      45152,
      45180,
      45208,
      45236,
      45264,
      45292,
      45320,
      45348,
      45376,
      45404,
      45432,
      45460,
      45488,
      45516,
      45544,
      45572,
      45600,
      45628,
      45656,
      45684,
      45712,
      45740,
      45768,
      45796,
      45824,
      45852,
      45880,
      45908,
      45936,
      45964,
      45992,
      46020,
      46048,
      46076,
      46104,
      46132,
      46160,
      46188,
      46216,
      46244,
      46272,
      46300,
      46328,
      46356,
      46384,
      46412,
      46440,
      46468,
      46496,
      46524,
      46552,
      46580,
      46608,
      46636,
      46664,
      46692,
      46720,
      46748,
      46776,
      46804,
      46832,
      46860,
      46888,
      46916,
      46944,
      46972,
      47000,
      47028,
      47056,
      47084,
      47112,
      47140,
      47168,
      47196,
      47224,
      47252,
      47280,
      47308,
      47336,
      47364,
      47392,
      47420,
      47448,
      47476,
      47504,
      47532,
      47560,
      47588,
      47616,
      47644,
      47672,
      47700,
      47728,
      47756,
      47784,
      47812,
      47840,
      47868,
      47896,
      47924,
      47952,
      47980,
      48008,
      48036,
      48064,
      48092,
      48120,
      48148,
      48176,
      48204,
      48232,
      48260,
      48288,
      48316,
      48344,
      48372,
      48400,
      48428,
      48456,
      48484,
      48512,
      48540,
      48568,
      48596,
      48624,
      48652,
      48680,
      48708,
      48736,
      48764,
      48792,
      48820,
      48848,
      48876,
      48904,
      48932,
      48960,
      48988,
      49016,
      49044,
      49072,
      49100,
      49128,
      49156,
      49184,
      49212,
      49240,
      49268,
      49296,
      49324,
      49352,
      49380,
      49408,
      49436,
      49464,
      49492,
      49520,
      49548,
      49576,
      49604,
      49632,
      49660,
      49688,
      49716,
      49744,
      49772,
      49800,
      49828,
      49856,
      49884,
      49912,
      49940,
      49968,
      49996,
      50024,
      50052,
      50080,
      50108,
      50136,
      50164,
      50192,
      50220,
      50248,
      50276,
      50304,
      50332,
      50360,
      50388,
      50416,
      50444,
      50472,
      50500,
      50528,
      50556,
      50584,
      50612,
      50640,
      50668,
      50696,
      50724,
      50752,
      50780,
      50808,
      50836,
      50864,
      50892,
      50920,
      50948,
      50976,
      51004,
      51032,
      51060,
      51088,
      51116,
      51144,
      51172,
      51200,
      51228,
      51256,
      51284,
      51312,
      51340,
      51368,
      51396,
      51424,
      51452,
      51480,
      51508,
      51536,
      51564,
      51592,
      51620,
      51648,
      51676,
      51704,
      51732,
      51760,
      51788,
      51816,
      51844,
      51872,
      51900,
      51928,
      51956,
      51984,
      52012,
      52040,
      52068,
      52096,
      52124,
      52152,
      52180,
      52208,
      52236,
      52264,
      52292,
      52320,
      52348,
      52376,
      52404,
      52432,
      52460,
      52488,
      52516,
      52544,
      52572,
      52600,
      52628,
      52656,
      52684,
      52712,
      52740,
      52768,
      52796,
      52824,
      52852,
      52880,
      52908,
      52936,
      52964,
      52992,
      53020,
      53048,
      53076,
      53104,
      53132,
      53160,
      53188,
      53216,
      53244,
      53272,
      53300,
      53328,
      53356,
      53384,
      53412,
      53440,
      53468,
      53496,
      53524,
      53552,
      53580,
      53608,
      53636,
      53664,
      53692,
      53720,
      53748,
      53776,
      53804,
      53832,
      53860,
      53888,
      53916,
      53944,
      53972,
      54000,
      54028,
      54056,
      54084,
      54112,
      54140,
      54168,
      54196,
      54224,
      54252,
      54280,
      54308,
      54336,
      54364,
      54392,
      54420,
      54448,
      54476,
      54504,
      54532,
      54560,
      54588,
      54616,
      54644,
      54672,
      54700,
      54728,
      54756,
      54784,
      54812,
      54840,
      54868,
      54896,
      54924,
      54952,
      54980,
      55008,
      55036,
      55064,
      55092,
      55120,
      55148,
      55176
    ],
    "ranges": []
  },
  "LVT": {
    "single_chars": [],
    "ranges": [
      [
        44033,
        44059
      ],
      [
        44061,
        44087
      ],
      [
        44089,
        44115
      ],
      [
        44117,
        44143
      ],
      [
        44145,
        44171
      ],
      [
        44173,
        44199
      ],
      [
        44201,
        44227
      ],
      [
        44229,
        44255
      ],
      [
        44257,
        44283
      ],
      [
        44285,
        44311
      ],
      [
        44313,
        44339
      ],
      [
        44341,
        44367
      ],
      [
        44369,
        44395
      ],
      [
        44397,
        44423
      ],
      [
        44425,
        44451
      ],
      [
        44453,
        44479
      ],
      [
        44481,
        44507
      ],
      [
        44509,
        44535
      ],
      [
        44537,
        44563
      ],
      [
        44565,
        44591
      ],
      [
        44593,
        44619
      ],
      [
        44621,
        44647
      ],
      [
        44649,
        44675
      ],
      [
        44677,
        44703
      ],
      [
        44705,
        44731
      ],
      [
        44733,
        44759
      ],
      [
        44761,
        44787
      ],
      [
        44789,
        44815
      ],
      [
        44817,
        44843
      ],
      [
        44845,
        44871
      ],
      [
        44873,
        44899
      ],
      [
        44901,
        44927
      ],
      [
        44929,
        44955
      ],
      [
        44957,
        44983
      ],
      [
        44985,
        45011
      ],
      [
        45013,
        45039
      ],
      [
        45041,
        45067
      ],
      [
        45069,
        45095
      ],
      [
        45097,
        45123
      ],
      [
        45125,
        45151
      ],
      [
        45153,
        45179
      ],
      [
        45181,
        45207
      ],
      [
        45209,
        45235
      ],
      [
        45237,
        45263
      ],
      [
        45265,
        45291
      ],
      [
        45293,
        45319
      ],
      [
        45321,
        45347
      ],
      [
        45349,
        45375
      ],
      [
        45377,
        45403
      ],
      [
        45405,
        45431
      ],
      [
        45433,
        45459
      ],
      [
        45461,
        45487
      ],
      [
        45489,
        45515
      ],
      [
        45517,
        45543
      ],
      [
        45545,
        45571
      ],
      [
        45573,
        45599
      ],
      [
        45601,
        45627
      ],
      [
        45629,
        45655
      ],
      [
        45657,
        45683
      ],
      [
        45685,
        45711
      ],
      [
        45713,
        45739
      ],
      [
        45741,
        45767
      ],
      [
        45769,
        45795
      ],
      [
        45797,
        45823
      ],
      [
        45825,
        45851
      ],
      [
        45853,
        45879
      ],
      [
        45881,
        45907
      ],
      [
        45909,
        45935
      ],
      [
        45937,
        45963
      ],
      [
        45965,
        45991
      ],
      [
        45993,
        46019
      ],
      [
        46021,
        46047
      ],
      [
        46049,
        46075
      ],
      [
        46077,
        46103
      ],
      [
        46105,
        46131
      ],
      [
        46133,
        46159
      ],
      [
        46161,
        46187
      ],
      [
        46189,
        46215
      ],
      [
        46217,
        46243
      ],
      [
        46245,
        46271
      ],
      [
        46273,
        46299
      ],
      [
        46301,
        46327
      ],
      [
        46329,
        46355
      ],
      [
        46357,
        46383
      ],
      [
        46385,
        46411
      ],
      [
        46413,
        46439
      ],
      [
        46441,
        46467
      ],
      [
        46469,
        46495
      ],
      [
        46497,
        46523
      ],
      [
        46525,
        46551
      ],
      [
        46553,
        46579
      ],
      [
        46581,
        46607
      ],
      [
        46609,
        46635
      ],
      [
        46637,
        46663
      ],
      [
        46665,
        46691
      ],
      [
        46693,
        46719
      ],
      [
        46721,
        46747
      ],
      [
        46749,
        46775
      ],
      [
        46777,
        46803
      ],
      [
        46805,
        46831
      ],
      [
        46833,
        46859
      ],
      [
        46861,
        46887
      ],
      [
        46889,
        46915
      ],
      [
        46917,
        46943
      ],
      [
        46945,
        46971
      ],
      [
        46973,
        46999
      ],
      [
        47001,
        47027
      ],
      [
        47029,
        47055
      ],
      [
        47057,
        47083
      ],
      [
        47085,
        47111
      ],
      [
        47113,
        47139
      ],
      [
        47141,
        47167
      ],
      [
        47169,
        47195
      ],
      [
        47197,
        47223
      ],
      [
        47225,
        47251
      ],
      [
        47253,
        47279
      ],
      [
        47281,
        47307
      ],
      [
        47309,
        47335
      ],
      [
        47337,
        47363
      ],
      [
        47365,
        47391
      ],
      [
        47393,
        47419
      ],
      [
        47421,
        47447
      ],
      [
        47449,
        47475
      ],
      [
        47477,
        47503
      ],
      [
        47505,
        47531
      ],
      [
        47533,
        47559
      ],
      [
        47561,
        47587
      ],
      [
        47589,
        47615
      ],
      [
        47617,
        47643
      ],
      [
        47645,
        47671
      ],
      [
        47673,
        47699
      ],
      [
        47701,
        47727
      ],
      [
        47729,
        47755
      ],
      [
        47757,
        47783
      ],
      [
        47785,
        47811
      ],
      [
        47813,
        47839
      ],
      [
        47841,
        47867
      ],
      [
        47869,
        47895
      ],
      [
        47897,
        47923
      ],
      [
        47925,
        47951
      ],
      [
        47953,
        47979
      ],
      [
        47981,
        48007
      ],
      [
        48009,
        48035
      ],
      [
        48037,
        48063
      ],
      [
        48065,
        48091
      ],
      [
        48093,
        48119
      ],
      [
        48121,
        48147
      ],
      [
        48149,
        48175
      ],
      [
        48177,
        48203
      ],
      [
        48205,
        48231
      ],
      [
        48233,
        48259
      ],
      [
        48261,
        48287
      ],
      [
        48289,
        48315
      ],
      [
        48317,
        48343
      ],
      [
        48345,
        48371
      ],
      [
        48373,
        48399
      ],
      [
        48401,
        48427
      ],
      [
        48429,
        48455
      ],
      [
        48457,
        48483
      ],
      [
        48485,
        48511
      ],
      [
        48513,
        48539
      ],
      [
        48541,
        48567
      ],
      [
        48569,
        48595
      ],
      [
        48597,
        48623
      ],
      [
        48625,
        48651
      ],
      [
        48653,
        48679
      ],
      [
        48681,
        48707
      ],
      [
        48709,
        48735
      ],
      [
        48737,
        48763
      ],
      [
        48765,
        48791
      ],
      [
        48793,
        48819
      ],
      [
        48821,
        48847
      ],
      [
        48849,
        48875
      ],
      [
        48877,
        48903
      ],
      [
        48905,
        48931
      ],
      [
        48933,
        48959
      ],
      [
        48961,
        48987
      ],
      [
        48989,
        49015
      ],
      [
        49017,
        49043
      ],
      [
        49045,
        49071
      ],
      [
        49073,
        49099
      ],
      [
        49101,
        49127
      ],
      [
        49129,
        49155
      ],
      [
        49157,
        49183
      ],
      [
        49185,
        49211
      ],
      [
        49213,
        49239
      ],
      [
        49241,
        49267
      ],
      [
        49269,
        49295
      ],
      [
        49297,
        49323
      ],
      [
        49325,
        49351
      ],
      [
        49353,
        49379
      ],
      [
        49381,
        49407
      ],
      [
        49409,
        49435
      ],
      [
        49437,
        49463
      ],
      [
        49465,
        49491
      ],
      [
        49493,
        49519
      ],
      [
        49521,
        49547
      ],
      [
        49549,
        49575
      ],
      [
        49577,
        49603
      ],
      [
        49605,
        49631
      ],
      [
        49633,
        49659
      ],
      [
        49661,
        49687
      ],
      [
        49689,
        49715
      ],
      [
        49717,
        49743
      ],
      [
        49745,
        49771
      ],
      [
        49773,
        49799
      ],
      [
        49801,
        49827
      ],
      [
        49829,
        49855
      ],
      [
        49857,
        49883
      ],
      [
        49885,
        49911
      ],
      [
        49913,
        49939
      ],
      [
        49941,
        49967
      ],
      [
        49969,
        49995
      ],
      [
        49997,
        50023
      ],
      [
        50025,
        50051
      ],
      [
        50053,
        50079
      ],
      [
        50081,
        50107
      ],
      [
        50109,
        50135
      ],
      [
        50137,
        50163
      ],
      [
        50165,
        50191
      ],
      [
        50193,
        50219
      ],
      [
        50221,
        50247
      ],
      [
        50249,
        50275
      ],
      [
        50277,
        50303
      ],
      [
        50305,
        50331
      ],
      [
        50333,
        50359
      ],
      [
        50361,
        50387
      ],
      [
        50389,
        50415
      ],
      [
        50417,
        50443
      ],
      [
        50445,
        50471
      ],
      [
        50473,
        50499
      ],
      [
        50501,
        50527
      ],
      [
        50529,
        50555
      ],
      [
        50557,
        50583
      ],
      [
        50585,
        50611
      ],
      [
        50613,
        50639
      ],
      [
        50641,
        50667
      ],
      [
        50669,
        50695
      ],
      [
        50697,
        50723
      ],
      [
        50725,
        50751
      ],
      [
        50753,
        50779
      ],
      [
        50781,
        50807
      ],
      [
        50809,
        50835
      ],
      [
        50837,
        50863
      ],
      [
        50865,
        50891
      ],
      [
        50893,
        50919
      ],
      [
        50921,
        50947
      ],
      [
        50949,
        50975
      ],
      [
        50977,
        51003
      ],
      [
        51005,
        51031
      ],
      [
        51033,
        51059
      ],
      [
        51061,
        51087
      ],
      [
        51089,
        51115
      ],
      [
        51117,
        51143
      ],
      [
        51145,
        51171
      ],
      [
        51173,
        51199
      ],
      [
        51201,
        51227
      ],
      [
        51229,
        51255
      ],
      [
        51257,
        51283
      ],
      [
        51285,
        51311
      ],
      [
        51313,
        51339
      ],
      [
        51341,
        51367
      ],
      [
        51369,
        51395
      ],
      [
        51397,
        51423
      ],
      [
        51425,
        51451
      ],
      [
        51453,
        51479
      ],
      [
        51481,
        51507
      ],
      [
        51509,
        51535
      ],
      [
        51537,
        51563
      ],
      [
        51565,
        51591
      ],
      [
        51593,
        51619
      ],
      [
        51621,
        51647
      ],
      [
        51649,
        51675
      ],
      [
        51677,
        51703
      ],
      [
        51705,
        51731
      ],
      [
        51733,
        51759
      ],
      [
        51761,
        51787
      ],
      [
        51789,
        51815
      ],
      [
        51817,
        51843
      ],
      [
        51845,
        51871
      ],
      [
        51873,
        51899
      ],
      [
        51901,
        51927
      ],
      [
        51929,
        51955
      ],
      [
        51957,
        51983
      ],
      [
        51985,
        52011
      ],
      [
        52013,
        52039
      ],
      [
        52041,
        52067
      ],
      [
        52069,
        52095
      ],
      [
        52097,
        52123
      ],
      [
        52125,
        52151
      ],
      [
        52153,
        52179
      ],
      [
        52181,
        52207
      ],
      [
        52209,
        52235
      ],
      [
        52237,
        52263
      ],
      [
        52265,
        52291
      ],
      [
        52293,
        52319
      ],
      [
        52321,
        52347
      ],
      [
        52349,
        52375
      ],
      [
        52377,
        52403
      ],
      [
        52405,
        52431
      ],
      [
        52433,
        52459
      ],
      [
        52461,
        52487
      ],
      [
        52489,
        52515
      ],
      [
        52517,
        52543
      ],
      [
        52545,
        52571
      ],
      [
        52573,
        52599
      ],
      [
        52601,
        52627
      ],
      [
        52629,
        52655
      ],
      [
        52657,
        52683
      ],
      [
        52685,
        52711
      ],
      [
        52713,
        52739
      ],
      [
        52741,
        52767
      ],
      [
        52769,
        52795
      ],
      [
        52797,
        52823
      ],
      [
        52825,
        52851
      ],
      [
        52853,
        52879
      ],
      [
        52881,
        52907
      ],
      [
        52909,
        52935
      ],
      [
        52937,
        52963
      ],
      [
        52965,
        52991
      ],
      [
        52993,
        53019
      ],
      [
        53021,
        53047
      ],
      [
        53049,
        53075
      ],
      [
        53077,
        53103
      ],
      [
        53105,
        53131
      ],
      [
        53133,
        53159
      ],
      [
        53161,
        53187
      ],
      [
        53189,
        53215
      ],
      [
        53217,
        53243
      ],
      [
        53245,
        53271
      ],
      [
        53273,
        53299
      ],
      [
        53301,
        53327
      ],
      [
        53329,
        53355
      ],
      [
        53357,
        53383
      ],
      [
        53385,
        53411
      ],
      [
        53413,
        53439
      ],
      [
        53441,
        53467
      ],
      [
        53469,
        53495
      ],
      [
        53497,
        53523
      ],
      [
        53525,
        53551
      ],
      [
        53553,
        53579
      ],
      [
        53581,
        53607
      ],
      [
        53609,
        53635
      ],
      [
        53637,
        53663
      ],
      [
        53665,
        53691
      ],
      [
        53693,
        53719
      ],
      [
        53721,
        53747
      ],
      [
        53749,
        53775
      ],
      [
        53777,
        53803
      ],
      [
        53805,
        53831
      ],
      [
        53833,
        53859
      ],
      [
        53861,
        53887
      ],
      [
        53889,
        53915
      ],
      [
        53917,
        53943
      ],
      [
        53945,
        53971
      ],
      [
        53973,
        53999
      ],
      [
        54001,
        54027
      ],
      [
        54029,
        54055
      ],
      [
        54057,
        54083
      ],
      [
        54085,
        54111
      ],
      [
        54113,
        54139
      ],
      [
        54141,
        54167
      ],
      [
        54169,
        54195
      ],
      [
        54197,
        54223
      ],
      [
        54225,
        54251
      ],
      [
        54253,
        54279
      ],
      [
        54281,
        54307
      ],
      [
        54309,
        54335
      ],
      [
        54337,
        54363
      ],
      [
        54365,
        54391
      ],
      [
        54393,
        54419
      ],
      [
        54421,
        54447
      ],
      [
        54449,
        54475
      ],
      [
        54477,
        54503
      ],
      [
        54505,
        54531
      ],
      [
        54533,
        54559
      ],
      [
        54561,
        54587
      ],
      [
        54589,
        54615
      ],
      [
        54617,
        54643
      ],
      [
        54645,
        54671
      ],
      [
        54673,
        54699
      ],
      [
        54701,
        54727
      ],
      [
        54729,
        54755
      ],
      [
        54757,
        54783
      ],
      [
        54785,
        54811
      ],
      [
        54813,
        54839
      ],
      [
        54841,
        54867
      ],
      [
        54869,
        54895
      ],
      [
        54897,
        54923
      ],
      [
        54925,
        54951
      ],
      [
        54953,
        54979
      ],
      [
        54981,
        55007
      ],
      [
        55009,
        55035
      ],
      [
        55037,
        55063
      ],
      [
        55065,
        55091
      ],
      [
        55093,
        55119
      ],
      [
        55121,
        55147
      ],
      [
        55149,
        55175
      ],
      [
        55177,
        55203
      ]
    ]
  },
  "ZWJ": {
    "single_chars": [
      8205
    ],
    "ranges": []
  },
  "Extended_Pictographic": {
    "single_chars": [
      169,
      174,
      8252,
      8265,
      8482,
      8505,
      9000,
      9096,
      9167,
      9410,
      9654,
      9664,
      10004,
      10006,
      10013,
      10017,
      10024,
      10052,
      10055,
      10060,
      10062,
      10071,
      10145,
      10160,
      10175,
      11088,
      11093,
      12336,
      12349,
      12951,
      12953,
      127279,
      127374,
      127514,
      127535
    ],
    "ranges": [
      [
        8596,
        8601
      ],
      [
        8617,
        8618
      ],
      [
        8986,
        8987
      ],
      [
        9193,
        9203
      ],
      [
        9208,
        9210
      ],
      [
        9642,
        9643
      ],
      [
        9723,
        9726
      ],
      [
        9728,
        9733
      ],
      [
        9735,
        9746
      ],
      [
        9748,
        9861
      ],
      [
        9872,
        9989
      ],
      [
        9992,
        10002
      ],
      [
        10035,
        10036
      ],
      [
        10067,
        10069
      ],
      [
        10083,
        10087
      ],
      [
        10133,
        10135
      ],
      [
        10548,
        10549
      ],
      [
        11013,
        11015
      ],
      [
        11035,
        11036
      ],
      [
        126976,
        127231
      ],
      [
        127245,
        127247
      ],
      [
        127340,
        127345
      ],
      [
        127358,
        127359
      ],
      [
        127377,
        127386
      ],
      [
        127405,
        127461
      ],
      [
        127489,
        127503
      ],
      [
        127538,
        127546
      ],
      [
        127548,
        127551
      ],
      [
        127561,
        127994
      ],
      [
        128000,
        128317
      ],
      [
        128326,
        128591
      ],
      [
        128640,
        128767
      ],
      [
        128884,
        128895
      ],
      [
        128981,
        129023
      ],
      [
        129036,
        129039
      ],
      [
        129096,
        129103
      ],
      [
        129114,
        129119
      ],
      [
        129160,
        129167
      ],
      [
        129198,
        129279
      ],
      [
        129292,
        129338
      ],
      [
        129340,
        129349
      ],
      [
        129351,
        129791
      ],
      [
        130048,
        131069
      ]
    ]
  }
}